clip_id,fps,manual_first_move_frame,manual_release_frame,manual_delivery_s,notes,play_id,game_pk,pitcher,pitcher_name,p_throws,mp4_url,manifest,runner_id,season,result,gain_to_release_ft
8c62e264_pagan_R.mp4,59.686,122.0,173,0.8545,user-eyeballed,8c62e264-07d2-4ed6-a9e7-25e53392d226,746150.0,,,,,resolved by play_id prefix in Data/Raw_Attempts.csv,660271.0,2024.0,SB,9.7
d9c74db4_barnes_R.mp4,59.743,100.0,176,1.2721,user-eyeballed,d9c74db4-42a3-4cda-a2c8-8a86b3a669e4,746158.0,,,,,resolved by play_id prefix in Data/Raw_Attempts.csv,660271.0,2024.0,SB,14.6
d7686082_waldron_R.mp4,59.715,116.0,179,1.055,user-eyeballed,d7686082-3711-4fd7-b971-cb743eb9a1ee,746161.0,,,,,resolved by play_id prefix in Data/Raw_Attempts.csv,660271.0,2024.0,SB,10.6
bichette_5af14a65_woo_R.mp4,59.715,123.0,186,1.05,user-eyeballed,5af14a65-872a-3ac1-9806-2b9ee2affc38,778273.0,693433.0,Bryan Woo,R,https://sporty-clips.mlb.com/OHlSSzJfV0ZRVkV3dEdEUT09X0ExQUhWVkJWVUFjQUFGVUFCd0FIVUZWWEFGZ05VMWNBQUFjTVZWWUhVRlVEVXdGZQ==.mp4,archive/Archived Runner Runs/Bichette_2025/clips_manifest.csv,666182.0,2025.0,SB,14.4
bichette_7b3f5733_crochet_L.mp4,59.715,,180,,user-eyeballed: No first move,7b3f5733-f6ba-3252-8303-3cd32bc20dfc,778127.0,676979.0,Garrett Crochet,L,https://sporty-clips.mlb.com/eHk5bmFfWGw0TUFRPT1fQVZOU0FsRURWUUVBWGxSUUJ3QUhBd05VQUZrR1UxSUFBUVpSQXdGWFVnRlZWRlFG.mp4,archive/Archived Runner Runs/Bichette_2025/clips_manifest.csv,666182.0,2025.0,SB,11.7
bichette_7e0bedb8_clase_R.mp4,59.715,113.0,183,1.1667,user-eyeballed,7e0bedb8-97e5-303a-aa3d-17ab31a8e661,778056.0,661403.0,Emmanuel Clase,R,https://sporty-clips.mlb.com/ek1MMldfWGw0TUFRPT1fQVZSUkJnRlFCQW9BQVZWWFV3QUhBUVVIQUFCVVVBVUFBMUpVVWdBRVVBc0FCZ1JY.mp4,archive/Archived Runner Runs/Bichette_2025/clips_manifest.csv,666182.0,2025.0,SB,13.3
bichette_79ad29db_crochet_L.mp4,59.715,113.0,183,1.1667,user-eyeballed,79ad29db-36c3-37d8-985e-31c118be6ad5,778127.0,676979.0,Garrett Crochet,L,https://sporty-clips.mlb.com/eHk5bmFfWGw0TUFRPT1fQVFnQUFGWU5BbEFBQzFSUlZRQUhCbEplQUZnTlZnUUFBVlJXQVFJTlUxWlRVVlpU.mp4,archive/Archived Runner Runs/Bichette_2025/clips_manifest.csv,666182.0,2025.0,CS,16.5
bichette_a0d706da_gilbert_R.mp4,59.715,132.0,180,0.8,user-eyeballed,a0d706da-8e65-3127-bc05-880cb22afa1b,778258.0,669302.0,Logan Gilbert,R,https://sporty-clips.mlb.com/UHZnQTlfWGw0TUFRPT1fVndFRlUxUUNBbE1BQUFjRVV3QUhBQVJSQUFOV1UxUUFDbDBGVTFFSEExSURVUU1F.mp4,archive/Archived Runner Runs/Bichette_2025/clips_manifest.csv,666182.0,2025.0,SB,17.1
bichette_d685c07b_suarez_R.mp4,59.715,115.0,179,1.0667,user-eyeballed,d685c07b-35a4-3476-8d70-fbc787dda775,778549.0,544150.0,Albert Suárez,R,https://sporty-clips.mlb.com/WERsbDlfV0ZRVkV3dEdEUT09X1VnZFpVUWNFVVZBQUMxZFRVZ0FIQlFGUUFGbFJWRkVBVkFkV0J3c0NWVmNFQndWVA==.mp4,archive/Archived Runner Runs/Bichette_2025/clips_manifest.csv,666182.0,2025.0,CS,10.2
0b6ea438_gausman_R.mp4,59.715,144.0,209,1.0833,user-eyeballed,0b6ea438-c809-4d44-8004-1e205608f16b,744862.0,592332.0,Kevin Gausman,R,https://sporty-clips.mlb.com/cTgzM2xfWGw0TUFRPT1fQmxOWEFRVUFWUW9BVzFvQ1h3QUFWUUpTQUZrRlUxVUFBd0FIQUFZREFRc0RBUVFF.mp4,data/clips_manifest.csv,682928.0,2024.0,SB,11.5
7a8fbf89_bassitt_R.mp4,59.715,120.0,182,1.0333,user-eyeballed,7a8fbf89-18ec-4936-b99c-92327d16de22,744907.0,605135.0,Chris Bassitt,R,https://sporty-clips.mlb.com/NFg1RE5fWGw0TUFRPT1fQVZCWkFnWlNYZ3NBQ1ZwWEJRQUFDQVZRQUFNTVdnSUFDMWNHQWdSUkFBVUJWUUJV.mp4,data/clips_manifest.csv,642708.0,2024.0,SB,11.1
0028354f_bassitt_R.mp4,59.715,141.0,212,1.1833,user-eyeballed,0028354f-d314-42ea-bfa8-2e9e9a128132,744889.0,605135.0,Chris Bassitt,R,https://sporty-clips.mlb.com/MzVCRFZfWGw0TUFRPT1fQmdGVFhGY0JVbFFBWEZFRFVnQUFBMU1IQUFOVEFsa0FBQUFNVlFwVUFBRmRBUUZV.mp4,data/clips_manifest.csv,543685.0,2024.0,SB,14.2
f9188098_gausman_R.mp4,59.715,118.0,181,1.05,user-eyeballed,f9188098-cbb7-44ec-bbf5-badb00dd555e,744898.0,592332.0,Kevin Gausman,R,https://sporty-clips.mlb.com/OVpLQnlfWGw0TUFRPT1fVUFoUVhGd0VYd29BV3dCUVVRQUFCVk1GQUFOWEJWUUFVQVJSVWdNRlZWZFFCUWNE.mp4,data/clips_manifest.csv,668715.0,2024.0,CS,9.5
da344eb5_bassitt_R.mp4,59.715,116.0,179,1.05,user-eyeballed,da344eb5-eb5b-4138-b8eb-be62def9d1a6,744921.0,605135.0,Chris Bassitt,R,https://sporty-clips.mlb.com/eVpLNlBfWGw0TUFRPT1fVWxCU1VGQlJCQWNBWFFBSEJBQUFBQVZlQUFNTkJnTUFVQUFEQWxkUVZ3b0JBVk5R.mp4,data/clips_manifest.csv,650402.0,2024.0,CS,11.2
c1cf66e8_lively_R.mp4,59.715,110.0,175,1.0833,user-eyeballed,c1cf66e8-f901-428f-9434-6b5541b8d0bb,744926.0,594902.0,Ben Lively,R,https://sporty-clips.mlb.com/TGxya09fWGw0TUFRPT1fVlFBQ0FsSUNBd29BWGxzQ1Z3QUFBdzRBQUZnQlVGVUFCQWNBQlFjRVV3c0JBRkFF.mp4,data/clips_manifest.csv,,,,
a93076b6_urena_R.mp4,59.715,121.0,182,1.0167,user-eyeballed,a93076b6-0083-40df-a1ba-055ca731983d,744994.0,570632.0,José Ureña,R,https://sporty-clips.mlb.com/TndnWDZfWGw0TUFRPT1fVndoU1ZGTUNCQVFBQ0ZJS1ZRQUFBVklBQUFBRUFRQUFBbEFBVTFJQ0FnSmNDQUVD.mp4,data/clips_manifest.csv,,,,
836d520f_urena_R.mp4,59.715,125.0,181,0.9333,user-eyeballed,836d520f-c796-4126-be1d-5daa14dedd94,745000.0,570632.0,José Ureña,R,https://sporty-clips.mlb.com/MVkzTXJfWGw0TUFRPT1fRGdKWEFGRUdWbFFBVzFVTFVBQUFBQVJRQUFOUVVnVUFCd0ZVVVFJQlZWWUJWQXRT.mp4,data/clips_manifest.csv,672580.0,2024.0,CS,8.2
28a9b0ce_eflin_R.mp4,59.715,127.0,180,0.8833,user-eyeballed,28a9b0ce-f461-4333-be06-ac93deffe44a,745062.0,621107.0,Zach Eflin,R,https://sporty-clips.mlb.com/cTgzQTRfWGw0TUFRPT1fQkFrQVhRWUVCVmNBWGxZRVZ3QUFBZ1ZWQUFOUVUxY0FVd1lNQTFkUVYxVUFCQVlI.mp4,data/clips_manifest.csv,670764.0,2024.0,SB,5.7
b3cf833b_eflin_R.mp4,59.715,131.0,182,0.85,user-eyeballed,b3cf833b-1b9d-495b-8367-5b6b3de7d549,745070.0,621107.0,Zach Eflin,R,https://sporty-clips.mlb.com/TGxyQW5fWGw0TUFRPT1fVkFJQ0Fsd0hWVkFBQ1FBTEFnQUFDQU1FQUZrR1ZWWUFCd2NEVWdCUlZBUUJCUVpm.mp4,data/clips_manifest.csv,671277.0,2024.0,SB,5.6
a3cf2cda_littell_R.mp4,59.715,,179,,user-eyeballed: No first move,a3cf2cda-2780-475b-a4c5-7083c298ac93,745085.0,641793.0,Zack Littell,R,https://sporty-clips.mlb.com/T1FBb2RfWGw0TUFRPT1fVndJQ0FsWlhBbE1BQ2xVS1ZnQUFCZ01FQUFBQkFGUUFCVlVOQTFBSENBc0VVd3RW.mp4,data/clips_manifest.csv,656775.0,2024.0,SB,10.4
2762fd25_littell_R.mp4,59.715,115.0,182,1.1167,user-eyeballed,2762fd25-c9ad-4cde-a347-ca398a8e10be,745105.0,641793.0,Zack Littell,R,https://sporty-clips.mlb.com/WGc2UkRfWGw0TUFRPT1fQkFaWFZnSlFWQWNBVzF0VEFnQUFVbElEQUFBR1YxWUFVUVFHQ1F0VUNWWlVBRkFE.mp4,data/clips_manifest.csv,621493.0,2024.0,SB,11.1
1f5c9475_castillo_R.mp4,59.715,122.0,180,0.9667,user-eyeballed,1f5c9475-170e-4261-8ba2-a1442d44400a,745231.0,622491.0,Luis Castillo,R,https://sporty-clips.mlb.com/QVlWUHJfWGw0TUFRPT1fQjFkVUIxMEFVUWNBQ1ZVQ0F3QUFBd0JYQUZsWEFsTUFVMVFCQkFGUkJRZFJBQUlI.mp4,data/clips_manifest.csv,666160.0,2024.0,CS,7.2
26b50bd5_castillo_R.mp4,59.715,99.0,176,1.2833,user-eyeballed,26b50bd5-710f-4686-8e27-98b470acab7e,745252.0,622491.0,Luis Castillo,R,https://sporty-clips.mlb.com/NjROQjVfWGw0TUFRPT1fQkFjRFVWUldBZ2NBRDFNQ0FBQUFCdzVRQUZsUVVWWUFDMTFYQkFRRlVGQUVVZ1VE.mp4,data/clips_manifest.csv,607680.0,2024.0,CS,10.0
17477d36_castillo_R.mp4,59.715,108.0,173,1.0833,user-eyeballed,17477d36-9444-4d93-b0d7-089437bdef53,745258.0,622491.0,Luis Castillo,R,https://sporty-clips.mlb.com/UGoxODlfWGw0TUFRPT1fQndaVlUxTlFWUVFBQVZZR1VnQUFWUTlWQUFNRkIxWUFBbDBNQkFBQ1UxY0FWZ2RW.mp4,data/clips_manifest.csv,670541.0,2024.0,SB,8.9
d0ee545f_vasquez_R.mp4,59.715,117.0,180,1.05,user-eyeballed,d0ee545f-3a7b-4388-9b3c-d413993d6b65,745385.0,681190.0,Randy Vásquez,R,https://sporty-clips.mlb.com/T1FkNWFfWGw0TUFRPT1fVWdFRUFWRUFVMVFBQ3dNRkJBQUFBZzVlQUZoWFVBSUFWbEVFQXdvTUFsZFRVZ1JU.mp4,data/clips_manifest.csv,645277.0,2024.0,SB,9.6
21a4d22a_king_R.mp4,59.715,128.0,180,0.8667,user-eyeballed,21a4d22a-c133-4e04-86b6-32aae6225072,745396.0,650633.0,Michael King,R,https://sporty-clips.mlb.com/NjQxMkdfWGw0TUFRPT1fQkFBQVVBQUdWRk1BVzFNQlZRQUFWQVpTQUZrREFWY0FBVmRVVVZZREF3RlFBQVZV.mp4,data/clips_manifest.csv,,,,
d69c672a_king_R.mp4,59.715,128.0,181,0.8833,user-eyeballed,d69c672a-382a-48b0-8f3e-f4188d26a003,745394.0,650633.0,Michael King,R,https://sporty-clips.mlb.com/Tndlb2tfWGw0TUFRPT1fVWdkWUIxSURWRk1BQzFvQUJ3QUFDVlJXQUZsVFVBUUFWRkVFQ0F0UkF3VUVBQUpW.mp4,data/clips_manifest.csv,663728.0,2024.0,SB,9.0
34c44990_vasquez_R.mp4,59.715,114.0,176,1.0333,user-eyeballed,34c44990-aa7c-4ca2-bf88-44ee88ef02c3,745408.0,681190.0,Randy Vásquez,R,https://sporty-clips.mlb.com/NjQxYjNfWGw0TUFRPT1fQlFVQ1VGQU5Yd0lBV1FNRkJRQUFVbGRVQUFOVFcxa0FCbEZRVlFzTlZGVlZBbEZW.mp4,data/clips_manifest.csv,682998.0,2024.0,SB,9.7
bf24608f_keller_R.mp4,59.715,139.0,176,0.6167,user-eyeballed,bf24608f-c6fc-4e2d-8f87-18f59c102bf5,745443.0,656605.0,Mitch Keller,R,https://sporty-clips.mlb.com/dk1BN1dfWGw0TUFRPT1fVkZkVFVGSUVYbFFBVzFSVUJRQUFWQVFDQUZsVFcxWUFBMTFUQlFwV0FBTlhVbFJU.mp4,data/clips_manifest.csv,642715.0,2024.0,SB,3.9
9ddf4f0e_keller_R.mp4,59.715,132.0,179,0.7833,user-eyeballed,9ddf4f0e-608e-4eeb-91ab-961a5b028fe3,745448.0,656605.0,Mitch Keller,R,https://sporty-clips.mlb.com/NU53Z0tfWGw0TUFRPT1fRDFVRkFsQlNWbGNBRGxJS0F3QUFWRk1FQUZnRUFnTUFDMU1FVVFaWEFRRmRWbGRW.mp4,data/clips_manifest.csv,,,,
b39330a9_keller_R.mp4,59.715,141.0,181,0.6667,user-eyeballed,b39330a9-e2a3-48a6-bafe-cfa02ac466e4,745458.0,656605.0,Mitch Keller,R,https://sporty-clips.mlb.com/UGpMUHhfWGw0TUFRPT1fVkFKWVYxY0VCd3NBWFZCVFZRQUFDVmRRQUFOVUJRUUFVUU5VQUFGVVVnZFRCbGRT.mp4,data/clips_manifest.csv,664023.0,2024.0,SB,5.5
5c298e7e_crawford_R.mp4,59.715,118.0,179,1.0167,user-eyeballed,5c298e7e-8159-429a-81a5-069660177306,745693.0,676710.0,Kutter Crawford,R,https://sporty-clips.mlb.com/WGczZGFfWGw0TUFRPT1fQTFKVFhWeFJVVmNBQUZNSFh3QUFBdzhIQUZrRUFsUUFBbE1NQmdVRkFBUlNBd0pR.mp4,data/clips_manifest.csv,,,,
cab1943e_morton_R.mp4,59.715,119.0,181,1.0333,user-eyeballed,cab1943e-463f-43b6-af54-5d5340008e91,745531.0,450203.0,Charlie Morton,R,https://sporty-clips.mlb.com/QVlNcnZfWGw0TUFRPT1fVlZBRFZWMEFWVmNBREZRQkFBQUFBbFJRQUFCVFZsVUFCd0VBQXdjRkFRTmRWUXRY.mp4,data/clips_manifest.csv,681082.0,2024.0,SB,10.8
650ed646_houck_R.mp4,59.715,115.0,180,1.0833,user-eyeballed,650ed646-92b3-4f82-b4a7-8e78327759f8,745914.0,656557.0,Tanner Houck,R,https://sporty-clips.mlb.com/UGpMYk5fWGw0TUFRPT1fQUFSUkFRQUNVZ1FBQVZCUVZRQUFWdzVVQUFNQkFsWUFDZ0FDQ0FBSEJnUlFDVlJl.mp4,data/clips_manifest.csv,666397.0,2024.0,SB,9.2
5c19401f_wilson_R.mp4,59.715,125.0,180,0.9167,user-eyeballed,5c19401f-feea-4500-b47d-acd3518af0df,745965.0,669060.0,Bryse Wilson,R,https://sporty-clips.mlb.com/eVozZTNfWGw0TUFRPT1fQTFKUVhWQUVWMVFBWGdkWEJ3QUFCQVpXQUFNQlZBVUFVd1pSQXdZRUNWSURBRllB.mp4,data/clips_manifest.csv,702358.0,2024.0,SB,9.3
42e35d54_gallen_R.mp4,59.715,104.0,182,1.3,user-eyeballed,42e35d54-eac4-4730-9fcb-6898b9101111,745934.0,668678.0,Zac Gallen,R,https://sporty-clips.mlb.com/b25ldjNfWGw0TUFRPT1fQWdNRVYxRlFVd1lBWFFOUlVnQUFCZ1ZXQUZoVEFBTUFCRjBNQ0ZFTUFBTlVBUU5Y.mp4,data/clips_manifest.csv,668930.0,2024.0,SB,16.2
583db962_wilson_R.mp4,59.715,127.0,185,0.9667,user-eyeballed,583db962-ff49-4f17-b448-5d123144d1f3,745976.0,669060.0,Bryse Wilson,R,https://sporty-clips.mlb.com/MDNEYWdfWGw0TUFRPT1fQXdsU0FBWU5VQUFBWGdRR1h3QUFWd2RSQUFNQlYxa0FCd0VFQWdBRUJRY0JBVlJW.mp4,data/clips_manifest.csv,670770.0,2024.0,SB,11.2
f8c40b5b_maeda_R.mp4,59.715,121.0,176,0.9167,user-eyeballed,f8c40b5b-0cfc-46ca-a8bb-525b2b6c357d,746214.0,628317.0,Kenta Maeda,R,https://sporty-clips.mlb.com/UGpMcWxfWGw0TUFRPT1fVUFrQ1VGUldVMUFBQ0FGVUJRQUFCMVVIQUFBTkFRTUFCMWNBVWdGWEIxQldCUVVD.mp4,data/clips_manifest.csv,641645.0,2024.0,CS,7.6
13727210_garcia_R.mp4,59.715,115.0,178,1.05,user-eyeballed,13727210-fa6c-4ec9-8928-f594635814ce,746222.0,472610.0,Luis García,R,https://sporty-clips.mlb.com/N1ozODBfWGw0TUFRPT1fQndKV1ZsTUdWd0lBWGdNRUJRQUFWRlZmQUZrTVVWa0FWRkFNQkFVR0JBdFVCRkVE.mp4,data/clips_manifest.csv,,,,
e6fa2a28_wilson_R.mp4,59.715,129.0,181,0.8667,user-eyeballed,e6fa2a28-1fac-4906-91f7-bafcccca11bf,746313.0,669060.0,Bryse Wilson,R,https://sporty-clips.mlb.com/YmtNT0xfWGw0TUFRPT1fVXdjSEJWWlZWQW9BQ1FSVEJRQUFDQVpRQUZnRUJWWUFVQVJUVTFCV1VsSlVBVkFB.mp4,data/clips_manifest.csv,677951.0,2024.0,SB,7.2
f45957d5_brown_R.mp4,59.715,126.0,182,0.9333,user-eyeballed,f45957d5-1429-4c8f-a4a6-c660fa749a4d,746365.0,686613.0,Hunter Brown,R,https://sporty-clips.mlb.com/eVozMllfWGw0TUFRPT1fVUFWVVhWRURBZ2NBQ1ZZQVh3QUFVZzRBQUFBQkFsY0FVVk1EQUZWVUJnZGNVUVlD.mp4,data/clips_manifest.csv,668804.0,2024.0,CS,8.3
2e082507_brown_R.mp4,59.715,118.0,181,1.05,user-eyeballed,2e082507-874f-45d9-9df7-9226d21caccd,746398.0,686613.0,Hunter Brown,R,https://sporty-clips.mlb.com/OVpCZFFfWGw0TUFRPT1fQkZSUlhGWUJWZ1VBQUZVR0FBQUFCRkpmQUZoUkJWWUFDMWNIQmxjSEFGQUVVMUVD.mp4,data/clips_manifest.csv,680757.0,2024.0,CS,6.5
7c15c67b_eflin_R.mp4,59.715,126.0,184,0.9667,user-eyeballed,7c15c67b-b8d1-435d-ab00-02469aa7bc4b,746423.0,621107.0,Zach Eflin,R,https://sporty-clips.mlb.com/UldyTGVfWGw0TUFRPT1fQVZKUVVRY0NVVkFBV2xwV1Z3QUFBZ01DQUFCWFUxRUFBbGNCQmdwVVVBUUhVd1lF.mp4,data/clips_manifest.csv,682985.0,2024.0,CS,7.6
a32b0537_brown_R.mp4,59.715,133.0,185,0.8667,user-eyeballed,a32b0537-192f-4bd6-9218-83d76b1aa713,746400.0,686613.0,Hunter Brown,R,https://sporty-clips.mlb.com/MVlEZG5fWGw0TUFRPT1fVndKVEJsUUJWUVVBQ1ZzQUFBQUFVMUpRQUZnSFVsa0FDbFpSQndWWEFGSUVCd05W.mp4,data/clips_manifest.csv,660670.0,2024.0,SB,8.5
8c148f19_maeda_R.mp4,59.715,131.0,185,0.9,user-eyeballed,8c148f19-a8ab-4779-85fc-5e60f1dedf5f,746451.0,628317.0,Kenta Maeda,R,https://sporty-clips.mlb.com/NFhEWVBfWGw0TUFRPT1fRGxKUVVGeFNWd3NBV1ZwVEJBQUFCZ0ZmQUZrQUJRSUFCd0FEQUZVRVZWWUJWZ2NB.mp4,data/clips_manifest.csv,,,,
96786d3f_flaherty_R.mp4,59.715,121.0,179,0.9667,user-eyeballed,96786d3f-eeb8-4528-af09-bf073a2dfa8b,746460.0,656427.0,Jack Flaherty,R,https://sporty-clips.mlb.com/WmVCYU5fWGw0TUFRPT1fRHdkV1hGSlFWVlFBWFFkUVhnQUFCQVJlQUFCVFUxZ0FVQU1GQndCVUExY0RVUW9F.mp4,data/clips_manifest.csv,502054.0,2024.0,SB,28.2
bdb833e1_flaherty_R.mp4,59.715,124.0,184,1.0,user-eyeballed,bdb833e1-af77-4b68-a98c-8252d7bba6a8,746476.0,656427.0,Jack Flaherty,R,https://sporty-clips.mlb.com/MDNER0tfWGw0TUFRPT1fVkZVRFhGY0hBd01BV1FRRlVRQUFVd0JlQUFBTVd3SUFDbGNBQWxjQ1UxRUVCbE5l.mp4,data/clips_manifest.csv,643289.0,2024.0,CS,8.2
f9c3cc8b_maeda_R.mp4,59.715,104.0,180,1.2667,user-eyeballed,f9c3cc8b-1642-4a51-949f-2d2827a42965,746478.0,628317.0,Kenta Maeda,R,https://sporty-clips.mlb.com/b25lYm9fWGw0TUFRPT1fVUFnQ1Z3ZFhYbEFBQ1ZRR1ZBQUFVQU5YQUZnQldnY0FBQUVIQ0FFQ1VBZFhDUVJU.mp4,data/clips_manifest.csv,672279.0,2024.0,CS,9.1
db567a85_feltner_R.mp4,59.715,106.0,176,1.1667,user-eyeballed,db567a85-dfc0-424f-984a-9aba56176376,746521.0,663372.0,Ryan Feltner,R,https://sporty-clips.mlb.com/eVozZ0dfWGw0TUFRPT1fVWxOVVVsTlZYZ2NBWEFSUlZnQUFBd0lBQUZnTlZ3QUFDd1JYVVFZREFBUlRBd1ZR.mp4,data/clips_manifest.csv,596019.0,2024.0,SB,8.9
0670c556_urena_R.mp4,59.715,143.0,197,0.9,user-eyeballed,0670c556-476e-4252-af45-9299d7ac7bcf,746555.0,570632.0,José Ureña,R,https://sporty-clips.mlb.com/TVpSM3dfWGw0TUFRPT1fQmdkV1ZBY0JVd1FBREZVRUF3QUFBd05VQUFCVFYxUUFDMWNNQ1ZjQ1VGQlNVbEVB.mp4,data/clips_manifest.csv,686668.0,2024.0,SB,7.2
