play_id,feed,fps,seconds,release_frame,lift_frame,lead_foot,release_to_wrist,lift_peak_in,ball_pts,qa,delivery_s,home_qa,gold_lift,gold_release,pitcher
8c62e264-07d2-4ed6-a9e7-25e53392d226,HOME,59.685537392543765,30.7,171.0,125.0,L,0.16,9.99,9.0,PASS,0.771,PASS,122.0,173,
d9c74db4-42a3-4cda-a2c8-8a86b3a669e4,HOME,59.742590566571195,6.6,175.0,106.0,L,0.15,17.66,9.0,PASS,1.155,PASS,100.0,176,
d7686082-3711-4fd7-b971-cb743eb9a1ee,AWAY,59.714137208520775,15.9,,,,,,,no_release,,no_release,116.0,179,
5af14a65-872a-3ac1-9806-2b9ee2affc38,HOME,59.688152360896,11.9,184.0,121.0,L,0.2,19.8,9.0,PASS,1.055,PASS,123.0,186,Bryan Woo
7b3f5733-f6ba-3252-8303-3cd32bc20dfc,AWAY,59.72035985799432,20.6,179.0,109.0,R,0.13,27.37,9.0,PASS,1.172,cut_in_window,,180,Garrett Crochet
7e0bedb8-97e5-303a-aa3d-17ab31a8e661,AWAY,59.81484238852936,14.9,185.0,,,0.27,,9.0,no_set_before_lift,,no_set_before_lift,113.0,183,Emmanuel Clase
79ad29db-36c3-37d8-985e-31c118be6ad5,HOME,59.81302721644934,6.5,181.0,110.0,R,0.11,26.8,9.0,PASS,1.187,PASS,113.0,183,Garrett Crochet
a0d706da-8e65-3127-bc05-880cb22afa1b,HOME,59.70546704461442,6.7,178.0,129.0,L,0.21,10.62,9.0,PASS,0.821,PASS,132.0,180,Logan Gilbert
d685c07b-35a4-3476-8d70-fbc787dda775,HOME,59.69898445394223,6.4,177.0,117.0,L,0.26,11.08,9.0,PASS,1.005,PASS,115.0,179,Albert Suárez
0b6ea438-c809-4d44-8004-1e205608f16b,HOME,59.747677165030325,6.8,208.0,143.0,L,0.13,29.69,9.0,PASS,1.088,PASS,144.0,209,Kevin Gausman
7a8fbf89-18ec-4936-b99c-92327d16de22,HOME,59.62832463262588,6.6,180.0,121.0,L,0.21,16.97,9.0,PASS,0.989,PASS,120.0,182,Chris Bassitt
0028354f-d314-42ea-bfa8-2e9e9a128132,AWAY,59.72638553945322,12.9,198.0,,,1.24,,9.0,release_not_at_hand,,no_release,141.0,212,Chris Bassitt
f9188098-cbb7-44ec-bbf5-badb00dd555e,HOME,59.671604581542795,8.7,179.0,117.0,L,0.17,20.6,9.0,PASS,1.039,PASS,118.0,181,Kevin Gausman
da344eb5-eb5b-4138-b8eb-be62def9d1a6,HOME,59.66265646550279,7.8,179.0,118.0,L,0.19,12.57,9.0,PASS,1.022,PASS,116.0,179,Chris Bassitt
c1cf66e8-f901-428f-9434-6b5541b8d0bb,HOME,59.54119395422912,11.6,173.0,112.0,L,0.23,20.7,9.0,PASS,1.025,PASS,110.0,175,Ben Lively
a93076b6-0083-40df-a1ba-055ca731983d,HOME,59.66547391195806,6.8,180.0,122.0,L,0.18,14.53,8.0,PASS,0.972,PASS,121.0,182,José Ureña
836d520f-c796-4126-be1d-5daa14dedd94,HOME,59.73195021628918,7.4,177.0,124.0,L,0.15,12.47,6.0,PASS,0.887,PASS,125.0,181,José Ureña
28a9b0ce-f461-4333-be06-ac93deffe44a,AWAY,59.68785315590374,23.5,192.0,125.0,L,0.95,18.91,9.0,release_not_at_hand,,release_not_at_hand,127.0,180,Zach Eflin
b3cf833b-1b9d-495b-8367-5b6b3de7d549,HOME,59.67442236685757,7.2,181.0,130.0,L,0.2,17.57,8.0,PASS,0.855,PASS,131.0,182,Zach Eflin
a3cf2cda-2780-475b-a4c5-7083c298ac93,AWAY,59.762985432772304,21.0,253.0,,,,,9.0,cut_in_window,,cut_in_window,,179,Zack Littell
2762fd25-c9ad-4cde-a347-ca398a8e10be,HOME,59.73361371113146,6.2,181.0,114.0,L,0.17,19.99,8.0,PASS,1.122,PASS,115.0,182,Zack Littell
1f5c9475-170e-4261-8ba2-a1442d44400a,AWAY,59.74517291837682,12.6,179.0,,,0.18,,8.0,no_set_before_lift,,no_set_before_lift,122.0,180,Luis Castillo
26b50bd5-710f-4686-8e27-98b470acab7e,AWAY,59.75075399760997,14.9,176.0,114.0,L,0.12,25.53,9.0,PASS,1.038,cut_in_window,99.0,176,Luis Castillo
17477d36-9444-4d93-b0d7-089437bdef53,HOME,59.804404418490115,8.8,171.0,109.0,L,0.09,21.94,8.0,PASS,1.037,PASS,108.0,173,Luis Castillo
d0ee545f-3a7b-4388-9b3c-d413993d6b65,HOME,59.651756347331975,6.4,178.0,118.0,L,0.14,25.67,9.0,PASS,1.006,PASS,117.0,180,Randy Vásquez
21a4d22a-c133-4e04-86b6-32aae6225072,AWAY,59.627683245746056,14.6,180.0,131.0,L,0.12,14.19,9.0,PASS,0.822,no_release,128.0,180,Michael King
d69c672a-382a-48b0-8f3e-f4188d26a003,HOME,59.71799834116671,8.7,179.0,128.0,L,0.32,14.44,9.0,PASS,0.854,PASS,128.0,181,Michael King
34c44990-aa7c-4ca2-bf88-44ee88ef02c3,HOME,59.79633587437283,6.1,174.0,115.0,L,0.16,27.67,9.0,PASS,0.987,PASS,114.0,176,Randy Vásquez
bf24608f-c6fc-4e2d-8f87-18f59c102bf5,HOME,59.769258737041866,6.2,174.0,132.0,L,0.15,5.24,9.0,PASS,0.703,PASS,139.0,176,Mitch Keller
9ddf4f0e-608e-4eeb-91ab-961a5b028fe3,AWAY,59.684934546261374,14.3,177.0,125.0,L,0.4,2.91,9.0,cut_in_window,,cut_in_window,132.0,179,Mitch Keller
b39330a9-e2a3-48a6-bafe-cfa02ac466e4,HOME,59.75463527785487,6.4,180.0,137.0,L,0.1,4.33,7.0,PASS,0.72,PASS,141.0,181,Mitch Keller
5c298e7e-8159-429a-81a5-069660177306,AWAY,59.72038064633093,12.0,,,,,,,no_release,,no_release,118.0,179,Kutter Crawford
cab1943e-463f-43b6-af54-5d5340008e91,HOME,59.64452732437698,6.5,180.0,122.0,L,0.14,16.93,9.0,PASS,0.972,PASS,119.0,181,Charlie Morton
650ed646-92b3-4f82-b4a7-8e78327759f8,HOME,59.72222700995888,8.7,179.0,118.0,L,0.11,12.74,9.0,PASS,1.021,PASS,115.0,180,Tanner Houck
5c19401f-feea-4500-b47d-acd3518af0df,HOME,59.72733704902032,6.0,179.0,121.0,L,0.13,18.25,5.0,PASS,0.971,PASS,125.0,180,Bryse Wilson
42e35d54-eac4-4730-9fcb-6898b9101111,AWAY,59.782130897291424,13.1,180.0,102.0,L,0.21,24.35,9.0,PASS,1.305,no_set_before_lift,104.0,182,Zac Gallen
583db962-ff49-4f17-b448-5d123144d1f3,AWAY,59.71450223278899,11.0,,,,,,,no_release,,no_release,127.0,185,Bryse Wilson
f8c40b5b-0cfc-46ca-a8bb-525b2b6c357d,HOME,59.74759371636273,6.5,174.0,122.0,L,0.14,15.68,8.0,PASS,0.87,PASS,121.0,176,Kenta Maeda
13727210-fa6c-4ec9-8928-f594635814ce,HOME,59.64173540882891,7.8,177.0,117.0,L,0.17,7.15,9.0,PASS,1.006,PASS,115.0,178,Luis García
e6fa2a28-1fac-4906-91f7-bafcccca11bf,HOME,59.74756174875286,7.8,180.0,130.0,L,0.23,4.28,9.0,PASS,0.837,PASS,129.0,181,Bryse Wilson
f45957d5-1429-4c8f-a4a6-c660fa749a4d,HOME,59.727558505064614,7.5,180.0,126.0,L,0.12,15.62,6.0,PASS,0.904,PASS,126.0,182,Hunter Brown
2e082507-874f-45d9-9df7-9226d21caccd,HOME,59.6945396466243,7.3,179.0,116.0,L,0.18,20.4,7.0,PASS,1.055,PASS,118.0,181,Hunter Brown
7c15c67b-b8d1-435d-ab00-02469aa7bc4b,HOME,59.669661493783465,9.5,182.0,129.0,L,0.16,18.11,9.0,PASS,0.888,PASS,126.0,184,Zach Eflin
a32b0537-192f-4bd6-9218-83d76b1aa713,AWAY,59.64117294306788,23.9,183.0,129.0,L,0.12,7.31,9.0,PASS,0.905,cut_in_window,133.0,185,Hunter Brown
8c148f19-a8ab-4779-85fc-5e60f1dedf5f,HOME,59.712536302928285,8.2,183.0,130.0,L,0.2,25.33,9.0,PASS,0.888,PASS,131.0,185,Kenta Maeda
96786d3f-eeb8-4528-af09-bf073a2dfa8b,HOME,59.721061867662286,7.3,177.0,122.0,L,0.17,14.19,9.0,PASS,0.921,PASS,121.0,179,Jack Flaherty
bdb833e1-af77-4b68-a98c-8252d7bba6a8,HOME,59.72429853333872,7.0,181.0,124.0,L,0.2,14.26,9.0,PASS,0.954,PASS,124.0,184,Jack Flaherty
f9c3cc8b-1642-4a51-949f-2d2827a42965,AWAY,59.727080424172875,19.9,177.0,,,0.23,,9.0,cut_in_window,,cut_in_window,104.0,180,Kenta Maeda
db567a85-dfc0-424f-984a-9aba56176376,AWAY,59.740180840615224,24.5,175.0,97.0,L,0.17,47.09,7.0,cut_in_window,,cut_in_window,106.0,176,Ryan Feltner
0670c556-476e-4252-af45-9299d7ac7bcf,AWAY,59.65816422108367,23.1,177.0,106.0,L,0.32,10.97,6.0,cut_in_window,,no_set_before_lift,143.0,197,José Ureña
