season,SB,CS,attempts,games,success_pct,attempts_per_game
2015,2505,1064,3569,2429,70.19,1.469
2016,2537,1001,3538,2428,71.71,1.457
2017,2527,934,3461,2430,73.01,1.424
2018,2474,958,3432,2431,72.09,1.412
2019,2280,832,3112,2429,73.26,1.281
2020,885,292,1177,898,75.19,1.311
2021,2213,711,2924,2429,75.68,1.204
2022,2486,811,3297,2430,75.4,1.357
2023,3503,866,4369,2430,80.18,1.798
2024,3617,961,4578,2429,79.01,1.885
2025,3440,989,4429,2430,77.67,1.823
2026,3289,984,4273,2429,76.97,1.759
