player_id,name
408234,Miguel Cabrera
443558,Nelson Cruz
444482,David Peralta
453568,Charlie Blackmon
455117,Martín Maldonado
456781,Donovan Solano
457705,Andrew McCutchen
457759,Justin Turner
458015,Joey Votto
462101,Elvis Andrus
467793,Carlos Santana
474832,Brandon Belt
493329,Yuli Gurriel
500743,Miguel Rojas
500871,Eduardo Escobar
501303,Ehire Adrianza
501659,Abraham Almonte
502054,Tommy Pham
502110,J.D. Martinez
502671,Paul Goldschmidt
506702,Sandy León
514888,Jose Altuve
516416,Jean Segura
516782,Starling Marte
518595,Travis d'Arnaud
518626,Josh Donaldson
518692,Freddie Freeman
518735,Yasmani Grandal
518792,Jason Heyward
518934,DJ LeMahieu
519058,Mike Moustakas
519203,Anthony Rizzo
519317,Giancarlo Stanton
521692,Salvador Perez
527038,Wilmer Flores
541645,Avisaíl García
542194,Christian Bethancourt
542208,Carlos Pérez
542303,Marcell Ozuna
542364,Rafael Ortega
542583,Jesús Aguilar
542932,Jon Berti
543068,C.J. Cron
543228,Yan Gomes
543257,Robbie Grossman
543281,Josh Harrison
543305,Aaron Hicks
543309,Kyle Higashioka
543333,Eric Hosmer
543510,James McCann
543543,Brad Miller
543592,Austin Nola
543685,Anthony Rendon
543760,Marcus Semien
543807,George Springer
543877,Christian Vázquez
543939,Kolten Wong
545121,Ildemaro Vargas
545341,Randal Grichuk
545350,Jake Marisnick
545361,Mike Trout
547180,Bryce Harper
547989,José Abreu
553869,Elias Díaz
553882,Omar Narváez
553993,Eugenio Suárez
570482,Gio Urshela
570731,Jonathan Schoop
571448,Nolan Arenado
571466,Tucker Barnhart
571657,Kyle Farmer
571745,Mitch Haniger
571771,Enrique Hernández
571912,Luke Maile
571970,Max Muncy
571976,Wil Myers
572008,Chris Owings
572041,AJ Pollock
572138,Jon Singleton
572191,Michael A. Taylor
572204,Trayce Thompson
572233,Christian Walker
572287,Mike Zunino
572761,Matt Carpenter
572816,Corey Dickerson
573131,Darin Ruf
573262,Mike Yastrzemski
575929,Willson Contreras
578428,Jose Iglesias
592178,Kris Bryant
592192,Mark Canha
592200,Curt Casali
592206,Nick Castellanos
592273,Brandon Drury
592325,Ben Gamel
592348,Niko Goodrum
592450,Aaron Judge
592518,Manny Machado
592626,Joc Pederson
592656,Henry Ramos
592663,J.T. Realmuto
592669,Hunter Renfroe
592696,Eddie Rosario
592885,Christian Yelich
593160,Whit Merrifield
593428,Xander Bogaerts
593871,Jorge Polanco
593934,Miguel Sanó
594777,Kole Calhoun
594807,Adam Duvall
595281,Kevin Kiermaier
595453,Chad Wallach
595751,Jorge Alfaro
595777,Jurickson Profar
595879,Javier Báez
595909,Jake Cave
595956,Cam Gallagher
595978,Austin Hedges
596019,Francisco Lindor
596059,Rougned Odor
596103,Austin Slater
596115,Trevor Story
596117,Garrett Stubbs
596129,Daniel Vogelbach
596142,Gary Sánchez
596146,Max Kepler
596847,Ji Man Choi
598265,Jackie Bradley Jr.
600301,Taylor Motter
600303,Tommy La Stella
600869,Jeimer Candelario
602104,Ramón Urías
605113,Nick Ahmed
605119,Brian Anderson
605131,Austin Barnes
605137,Josh Bell
605141,Mookie Betts
605170,Victor Caratini
605204,J.D. Davis
605244,Aramis Garcia
605361,Nick Martini
605612,Harold Castro
606115,Orlando Arcia
606132,Raimel Tapia
606192,Teoscar Hernández
606466,Ketel Marte
606992,Eric Haase
607043,Brandon Nimmo
607054,Jace Peterson
607208,Trea Turner
607461,Matt Beaty
607680,Kevin Pillar
607732,Jacob Stallings
608070,José Ramírez
608324,Alex Bregman
608336,Joey Gallo
608348,Carson Kelly
608369,Corey Seager
608385,Jesse Winker
608596,Tom Murphy
608671,Travis Jankowski
608701,Rob Refsnyder
608841,Joey Meneses
609280,Miguel Andujar
620443,Luis Torrens
621020,Dansby Swanson
621028,Kevin Newman
621035,Chris Taylor
621043,Carlos Correa
621311,David Dahl
621438,Tyrone Taylor
621439,Byron Buxton
621458,Edwin Rios
621466,DJ Stewart
621493,Taylor Ward
621512,Tomás Nido
621545,Zach Remillard
621550,Patrick Wisdom
621563,Joey Wendle
621566,Matt Olson
622110,Matt Duffy
622268,Donovan Walton
622534,Manuel Margot
622569,Pablo Reyes
622761,Jorge Mateo
623168,Tyler Heineman
623205,Andrew Velazquez
623520,David Bote
623912,Harold Ramírez
623993,Anthony Santander
624413,Pete Alonso
624414,Christian Arroyo
624415,Cavan Biggio
624424,Michael Conforto
624428,Adam Frazier
624431,Jose Trevino
624503,Nick Gordon
624512,Reese McGuire
624585,Jorge Soler
624641,Edmundo Sosa
628451,Andy Ibáñez
630105,Jake Cronenworth
640449,Clint Frazier
640457,Austin Meadows
640459,Brian Navarreto
640492,José Azócar
640902,Jhonny Pereda
641313,Tim Anderson
641343,Jake Bauers
641355,Cody Bellinger
641432,Willie Calhoun
641487,J.P. Crawford
641505,Jonathan Davis
641511,Jason Delay
641531,Hunter Dozier
641555,J.C. Escarra
641584,Jake Fraley
641598,Mitch Garver
641645,Luis Guillorme
641658,Garrett Hampson
641680,Jonah Heim
641779,Charles Leblanc
641796,Tim Locastro
641820,Trey Mancini
641856,Billy McKinney
641857,Ryan McMahon
641933,Tyler O'Neill
641943,Joshua Palacios
642020,Chuckie Robinson
642086,Dominic Smith
642133,Rowdy Tellez
642136,Matt Thaiss
642180,Tyler Wade
642197,Jamie Westbrook
642201,Eli White
642215,Weston Wilson
642336,Francisco Mejía
642350,Jose Siri
642708,Amed Rosario
642715,Willy Adames
642731,Thairo Estrada
642851,Austin Wynns
643217,Andrew Benintendi
643265,Garrett Cooper
643289,Mauricio Dubón
643376,Danny Jansen
643393,Tony Kemp
643396,Isiah Kiner-Falefa
643446,Jeff McNeil
643565,Mike Tauchman
644433,Chadwick Tromp
645277,Ozzie Albies
645302,Victor Robles
645305,Ali Sánchez
645444,Jose Herrera
645801,Mike Ford
646240,Rafael Devers
647304,Josh Naylor
647351,Abraham Toro
649557,Aledmys Díaz
649966,Luis Urías
650333,Luis Arraez
650391,Eloy Jiménez
650402,Gleyber Torres
650489,Willi Castro
650490,Yandy Díaz
650559,Bryan De La Cruz
650859,Luis Rengifo
650907,René Pinto
650968,Yohel Pozo
655316,Andruw Monasterio
656180,Riley Adams
656248,Sean Bouchard
656305,Matt Chapman
656308,Michael Chavis
656403,Drew Ellis
656413,Stuart Fairchild
656448,Stone Garrett
656484,Tristan Gray
656537,Derek Hill
656541,Sam Hilliard
656555,Rhys Hoskins
656577,Alex Jackson
656582,Connor Joe
656716,Zach McKinstry
656775,Cedric Mullins
656811,Ryan O'Hearn
656896,Emmanuel Rivera
656941,Kyle Schwarber
656976,Pavin Smith
657041,Lane Thomas
657061,Cole Tucker
657077,Alex Verdugo
657088,Forrest Wall
657136,Connor Wong
657247,Brian O'Keefe
657557,Paul DeJong
657656,Ramón Laureano
657757,Gavin Sheets
658668,Edward Olivares
660162,Yoán Moncada
660271,Shohei Ohtani
660620,Jonathan Araúz
660644,Vidal Bruján
660670,Ronald Acuña Jr.
660688,Keibert Ruiz
660707,Elehuris Montero
660710,Rodolfo Durán
660757,Oscar Gonzalez
660766,Juan Yepez
660821,Jesús Sánchez
660844,Leo Rivas
661388,William Contreras
661531,Brian Serven
662139,Daulton Varsho
663330,Jahmai Jones
663368,Blake Perkins
663457,Lars Nootbaar
663494,Bryan Torres
663527,Tyler Nevin
663536,Tristin English
663538,Nico Hoerner
663584,Hayden Senger
663586,Austin Riley
663604,Brandon Lockridge
663609,Luken Baker
663611,Nick Madrigal
663616,Trevor Larnach
663624,Ryan Mountcastle
663630,Ryan McKenna
663647,Ke'Bryan Hayes
663656,Kyle Tucker
663662,Daz Cameron
663697,Jonathan India
663698,Joey Bart
663728,Cal Raleigh
663731,Connor Kaiser
663743,Nick Fortes
663757,Trent Grisham
663837,Matt Vierling
663845,Alfonso Rivas III
663853,Romy Gonzalez
663886,Tyler Stephenson
663897,Luke Williams
663898,Brendan Rodgers
663905,Travis Blankenhorn
663967,César Salazar
663968,Jake Mangum
663993,Nathaniel Lowe
664023,Ian Happ
664029,Mark Mathias
664034,Ty France
664040,Brandon Lowe
664056,Harrison Bader
664057,Andrew Stevenson
664059,Sam Haggerty
664238,Dylan Moore
664314,Estevan Florial
664702,Myles Straw
664728,Kyle Isbel
664761,Alec Bohm
664770,Nathan Lukes
664774,LaMonte Wade Jr.
664874,Seby Zavala
664901,Danny Mendick
664913,Seth Brown
664954,Brett Sullivan
664983,Jake McCarthy
665019,Kody Clemens
665052,Griffin Conine
665155,Nick Maton
665161,Jeremy Peña
665487,Fernando Tatis Jr.
665489,Vladimir Guerrero Jr.
665506,Cristian Pache
665561,Rafael Marchán
665742,Juan Soto
665750,Leody Taveras
665804,Miguel Amaya
665828,Oswaldo Cabrera
665833,Oneil Cruz
665839,Enmanuel Valdez
665861,Sebastián Rivero
665862,Jazz Chisholm Jr.
665877,José Fermín
665923,Esteury Ruiz
665926,Andrés Giménez
665953,Andrés Chaparro
665966,Carlos Narváez
666018,Jonathan Aranda
666023,Freddy Fermin
666126,Carlos Cortes
666134,Nolan Jones
666135,Alex Kirilloff
666139,Josh Lowe
666149,Tyler Fitzgerald
666150,Dominic Fletcher
666152,David Hamilton
666158,Gavin Lux
666160,Mickey Moniak
666163,Ben Rortvedt
666165,Blake Sabol
666176,Jo Adell
666181,Will Benson
666182,Bo Bichette
666185,Dylan Carlson
666197,Grae Kessinger
666211,Taylor Trammell
666310,Bo Naylor
666397,Edouard Julien
666624,Christopher Morel
666703,Eguy Rosario
666801,Rodolfo Castro
666906,Jake Alu
666915,Bobby Dalbec
666931,Jared Oliva
666969,Adolis García
666971,Lourdes Gurriel Jr.
667452,Corey Julks
667472,Dane Myers
667670,Brent Rooker
668227,Randy Arozarena
668472,Nick Pratto
668670,Jake Rogers
668709,JJ Bleday
668715,Spencer Steer
668723,Ryan Vilade
668731,Akil Baddoo
668752,Duke Ellis
668800,Andrew Knizner
668804,Bryan Reynolds
668832,Kyle McCann
668843,Conner Capel
668845,Aaron Schunk
668853,Austin Shenton
668885,Austin Martin
668901,Mark Vientos
668904,Royce Lewis
668930,Brice Turang
668939,Adley Rutschman
668942,Josh Rojas
668952,Ryan Kreidler
668974,Maverick Handley
669003,Garrett Mitchell
669004,MJ Melendez
669016,Brandon Marsh
669065,Kyle Stowers
669087,Sam Huff
669127,Shea Langeliers
669134,Luis Campusano
669137,Armando Alvarez
669194,Ryne Nelson
669208,Ryan Bliss
669221,Sean Murphy
669222,Nick Senzel
669224,Austin Wells
669234,Justyn-Henry Malloy
669236,Jeremiah Jackson
669242,Tommy Edman
669257,Will Smith
669261,Jack Suwinski
669289,Santiago Espinal
669304,Jose F Miranda
669326,Bryce Teodosio
669352,Bubba Thompson
669357,Nolan Gorman
669364,Xavier Edwards
669369,Bryce Johnson
669374,Keston Hiura
669384,Raynel Delgado
669392,Samad Taylor
669394,Jake Burger
669397,Nick Allen
669398,Gage Workman
669450,Cooper Hummel
669477,Casey Schmitt
669699,Braden Shewmake
669701,Josh Smith
669707,Jared Triolo
669717,Will Wilson
669720,Austin Hays
669742,Darick Hall
669743,Alex Call
669899,Ryan Ward
669911,Michael Toglia
670032,Nicky Lopez
670042,Luke Raley
670092,Trenton Brooks
670097,Zack Short
670156,Miles Mastrobuoni
670223,Matt Mervis
670224,Kameron Misner
670231,John Rave
670242,Matt Wallner
670541,Yordan Alvarez
670623,Isaac Paredes
670712,Mike Brosseau
670764,Taylor Walls
670770,TJ Friedl
671056,Iván Herrera
671083,Buddy Kennedy
671155,Ivan Johnson
671213,Triston Casas
671218,Heliot Ramos
671221,Drew Waters
671277,Luis García Jr.
671286,Johnathan Rodríguez
671289,Tyler Freeman
671655,George Valera
671732,Lawrence Butler
671739,Michael Harris II
671976,Tristan Peters
672016,Denzel Clarke
672275,Patrick Bailey
672279,Michael Siani
672284,Jarred Kelenic
672356,Gabriel Arias
672359,Tirso Ornelas
672386,Alejandro Kirk
672478,Jordan Diaz
672515,Gabriel Moreno
672569,Gustavo Campero
672580,Maikel Garcia
672640,Otto Lopez
672642,Steward Berroa
672695,Geraldo Perdomo
672724,Oswald Peraza
672744,Alexander Canario
672761,Wenceel Pérez
672779,Tucupita Marcano
672820,Lenyn Sosa
672960,Kazuma Okamoto
673237,Yainer Diaz
673357,Luis Robert Jr.
673490,Ha-Seong Kim
673548,Seiya Suzuki
673962,Josh Jung
674441,Jacob Hurtubise
675656,Kevin Smith
675659,Greg Jones
675961,Alika Williams
675986,Canaan Smith-Njigba
676044,Bob Seymour
676059,Jordan Westburg
676070,Jacob Amaya
676113,Zach DeLoach
676116,Ryan Noda
676356,Jonny DeLuca
676369,Nelson Velázquez
676391,Ernie Clement
676439,Hunter Feduccia
676475,Alec Burleson
676480,José Barrero
676551,Brewer Hicklen
676572,Eric Wagaman
676609,José Caballero
676632,Bligh Madris
676694,Jake Meyers
676701,Alan Trejo
676724,Jared Young
676801,Chas McCormick
676914,Davis Schneider
676946,Matthew Batten
677008,Heston Kjerstad
677060,Chad Stevens
677347,Kyren Paris
677551,Wander Franco
677587,Brayan Rocchio
677588,José Tena
677592,Everson Pereira
677594,Julio Rodríguez
677595,Ronny Mauricio
677649,Ezequiel Duran
677800,Wilyer Abreu
677870,Leo Jiménez
677942,Blaze Alexander
677950,Alek Thomas
677951,Bobby Witt Jr.
678009,Parker Meadows
678011,Anthony Seigler
678218,Brandon Valenzuela
678225,Jihwan Bae
678246,Miguel Vargas
678391,Jorbit Vivas
678489,Jorge Barrosa
678545,Osleivis Basabe
678554,Curtis Mead
678577,Junior Perez
678662,Ezequiel Tovar
678877,Jhonkensy Noel
678882,Ceddanne Rafaela
678894,Liover Peguero
679032,Johan Rojas
679529,Spencer Torkelson
679631,Terrin Vavra
679822,Justin Foscue
679845,Nick Loftin
680118,Dairon Blanco
680474,Max Schuemann
680574,Matt McLain
680577,DaShawn Keirsey Jr.
680664,Eduardo Valencia
680700,Richie Palacios
680716,Jonathan Ornelas
680718,Addison Barger
680728,Adrian Del Castillo
680757,Steven Kwan
680776,Jarren Duran
680777,Ryan Jeffers
680779,Henry Davis
680814,Peyton Burdick
680862,Willie MacIver
680869,Zack Gelof
680911,Owen Miller
680977,Brendan Donovan
681047,Christian Franklin
681082,Bryson Stott
681146,Jonah Bride
681198,TJ Rumfield
681297,Colton Cowser
681351,Logan O'Hoppe
681393,Connor Norby
681460,Brooks Baldwin
681481,Kerry Carpenter
681508,Mickey Gasper
681546,James Outman
681584,David Villar
681624,Andy Pages
681715,Heriberto Hernández
681807,David Fry
681962,Vinny Capra
681987,Nate Eaton
682073,David Hensley
682119,Levi Jordan
682177,Daniel Schneemann
682515,Logan Porter
682617,Marco Luciano
682622,Noelvi Marte
682626,Francisco Alvarez
682634,Kevin Alcántara
682641,Luis Matos
682653,Warming Bernabel
682657,Angel Martínez
682663,Agustín Ramírez
682668,Luisangel Acuña
682674,Victor Bericoto
682729,Jonatan Clase
682829,Elly De La Cruz
682848,Endy Rodríguez
682877,Juan Brito
682927,Ronny Simon
682928,CJ Abrams
682985,Riley Greene
682987,Spencer Jones
682988,Tyler Locklear
682997,Tyler Callihan
682998,Corbin Carroll
683002,Gunnar Henderson
683011,Anthony Volpe
683021,Michael Stefanic
683083,Nasim Nuñez
683090,Matthew Lugo
683146,Brett Baty
683227,Cody Freeman
683357,Owen Caissie
683679,Jesus Rodriguez
683734,Andrew Vaughn
683737,Michael Busch
683748,Victor Mesa Jr.
683766,Christian Koss
683953,Travis Bazzana
685133,Wade Meckler
686217,Sal Frelick
686452,Drew Millas
686469,Vinnie Pasquantino
686475,Tyler Tolbert
686482,Logan Driscoll
686527,Dominic Canzone
686531,Andre Lipcius
686554,Oliver Dunn
686555,Isaac Collins
686611,Dylan Crews
686668,Brenton Doyle
686676,Korey Lee
686681,Michael Massey
686759,TJ Hopkins
686765,Nick Sogard
686780,Pedro Pagés
686797,Brooks Lee
686823,Will Brennan
686894,Joey Wiemer
686948,Drake Baldwin
687093,Vaughn Grissom
687221,Dalton Rushing
687231,Darell Hernaiz
687263,Zach Neto
687282,Gabriel Rincones Jr.
687363,Victor Scott II
687401,Joey Ortiz
687462,Spencer Horwitz
687515,Colby Thomas
687529,Grant McCray
687551,Drew Gilbert
687597,Jordan Beck
687605,Andrew Pinckney
687637,Dylan Beavers
687749,Jase Bowen
687799,Cade Marlowe
687859,Troy Johnston
687952,Christian Encarnacion-Strand
687957,Dustin Harris
688363,Graham Pauley
688760,Blaine Crim
689172,Brett Wisely
689200,Jacob Melton
689414,Liam Hicks
690022,Ryan Ritter
690291,Jace Jung
690924,Braxton Fulford
690976,Alex Freeland
690984,Petey Halpin
690987,Robert Hassell III
690993,Colt Keith
691002,Yohandy Morales
691011,Drew Romo
691016,Tyler Soderstrom
691019,Kyle Teel
691023,Jordan Walker
691026,Masyn Winn
691176,Jasson Domínguez
691181,Emmanuel Rodriguez
691182,Adael Amador
691277,Deyvison De Los Santos
691373,Jhostynxon Garcia
691406,Junior Caminero
691458,Blaze Jordan
691594,Javier Sanoja
691718,Pete Crow-Armstrong
691720,Kyle Karros
691723,Coby Mayo
691728,Zac Veen
691740,Daniel Susac
691777,Max Muncy
691781,Brady House
691783,Jordan Lawlar
691785,Marcelo Mayer
691788,Joe Mack
691907,Tsung-Che Cheng
692216,CJ Kayfus
692225,Kristian Campbell
692585,Yanquiel Fernández
693049,Oscar Colás
693304,Nick Gonzales
693307,Dillon Dingler
693409,César Prieto
693459,Kyler Fedko
694025,Felix Reyes
694192,Jackson Chourio
694197,Angel Genao
694203,Denzer Guzman
694208,Moisés Ballesteros
694212,Samuel Basallo
694249,Cole Carrigg
694355,Tyler Gentry
694359,Niko Kavadas
694362,Blake Dunn
694371,Tommy Troy
694374,Tim Tawa
694376,Shay Whitcomb
694377,Nick Yorke
694378,Jacob Gonzalez
694384,Nolan Schanuel
694388,Joey Loperfido
694410,LuJames Groover
694497,Evan Carter
694514,Sterlin Thompson
694671,Wyatt Langford
694673,Abimelec Ortiz
694728,Brice Matthews
694876,Cooper Ingle
695020,Tanner Murray
695238,Will Wagner
695257,Billy Cook
695336,Thomas Saggese
695391,Brett Harris
695490,Edwin Arroyo
695491,Joshua Báez
695506,Jac Caglianone
695508,Cam Cauley
695578,James Wood
695600,Carter Jensen
695657,Colson Montgomery
695670,Harry Ford
695681,Christian Moore
695720,Tommy White
695731,Braden Montgomery
695734,Daylen Lile
696030,Alejandro Osuna
696100,Hunter Goodman
696135,Kahlil Watson
696285,Jacob Young
699013,Esmerlyn Valdez
699024,Leo Bernal
699115,Carlos Jorge
699302,Héctor Rodríguez
699393,Pedro Ramírez
699625,Jimmy Crooks
699912,Jose Fernandez
700242,Trey Sweeney
700246,Carson Williams
700250,Ben Rice
700337,Edgar Quero
700652,Kenny Piper
700932,Kyle Manzardo
701162,Ben Malgeri
701305,Zach Dezenzo
701350,Roman Anthony
701358,Cam Smith
701398,Sal Stewart
701538,Jackson Merrill
701675,Nathan Church
701678,Hao-Yu Lee
701762,Nick Kurtz
701785,Kaelen Culpepper
701807,Carson Benge
701852,Drew Cavanaugh
702222,Justin Crawford
702284,Cole Young
702332,Caleb Durbin
702358,Trey Lipscomb
702616,Jackson Holliday
703197,Michael Arroyo
703492,Nick Morabito
703520,Brett Bateman
703601,Max Clark
703607,Henry Bolte
800050,Chase DeLauter
800325,Luis Lara
800543,Josue De Paula
801126,Brock Rodden
801501,Nate Furman
802139,JJ Wetherholt
802415,Chandler Simpson
803011,Sam Antonacci
804606,Konnor Griffin
804668,Rafael Flores Jr.
805249,Otto Kemp
805300,Jakob Marsee
805346,Ben Ross
805347,Jim Jarvis
805367,Chase Meidroth
805373,Nacho Alvarez Jr.
805672,Collin Price
805779,Jacob Wilson
805805,Walker Jenkins
805808,Kevin McGonigle
805811,Bryce Eldridge
805904,Zach Cole
805999,A.J. Ewing
806068,Colt Emerson
806146,George Lombard Jr.
806198,Cooper Pratt
806367,Turner Hill
806956,Ethan Salas
807712,Luke Keaschall
807713,Matt Shaw
807726,John Peck
807727,Charles McAdoo
807799,Masataka Yoshida
808959,Munetaka Murakami
808975,Hyeseong Kim
808982,Jung Hoo Lee
810938,Ben Williamson
813841,Jonah Cox
814154,Scott Bandura
814430,Brett Callahan
814439,Ryan Waldschmidt
823550,Sung-Mun Song
828599,Lucas Spence
